<?xml version="1.0" encoding="UTF-8"?>
<!--Created using Glyph Designer - http://71squared.com/glyphdesigner-->
<font>
    <info face="Peaberry" size="16" bold="0" italic="0" charset="" unicode="0" stretchH="100" smooth="1" aa="1" padding="0,0,0,0" spacing="2,2"/>
    <common lineHeight="25" base="13" scaleW="215" scaleH="245" pages="1" packed="0"/>
    <pages>
        <page id="0" file="WhitePeaberry.png"/>
    </pages>
    <chars count="95">
        <char id="32" x="20" y="208" width="0" height="0" xoffset="0" yoffset="27" xadvance="5" page="0" chnl="0" letter="space"/>
        <char id="33" x="198" y="2" width="14" height="23" xoffset="-2" yoffset="5" xadvance="7" page="0" chnl="0" letter="!"/>
        <char id="34" x="109" y="188" width="17" height="15" xoffset="-3" yoffset="5" xadvance="9" page="0" chnl="0" letter="&quot;"/>
        <char id="35" x="149" y="29" width="20" height="21" xoffset="-4" yoffset="6" xadvance="11" page="0" chnl="0" letter="#"/>
        <char id="36" x="178" y="2" width="18" height="23" xoffset="-3" yoffset="5" xadvance="10" page="0" chnl="0" letter="$"/>
        <char id="37" x="126" y="29" width="21" height="21" xoffset="-4" yoffset="6" xadvance="12" page="0" chnl="0" letter="%"/>
        <char id="38" x="134" y="53" width="19" height="21" xoffset="-3" yoffset="6" xadvance="11" page="0" chnl="0" letter="&amp;"/>
        <char id="39" x="77" y="188" width="14" height="16" xoffset="0" yoffset="5" xadvance="9" page="0" chnl="0" letter="'"/>
        <char id="40" x="56" y="2" width="15" height="25" xoffset="-2" yoffset="5" xadvance="8" page="0" chnl="0" letter="("/>
        <char id="41" x="73" y="2" width="15" height="25" xoffset="-2" yoffset="5" xadvance="8" page="0" chnl="0" letter=")"/>
        <char id="42" x="134" y="145" width="18" height="19" xoffset="-2" yoffset="5" xadvance="11" page="0" chnl="0" letter="*"/>
        <char id="43" x="45" y="168" width="18" height="18" xoffset="-2" yoffset="7" xadvance="11" page="0" chnl="0" letter="+"/>
        <char id="44" x="93" y="188" width="14" height="16" xoffset="-3" yoffset="14" xadvance="6" page="0" chnl="0" letter=","/>
        <char id="45" x="2" y="208" width="16" height="12" xoffset="-1" yoffset="12" xadvance="10" page="0" chnl="0" letter="-"/>
        <char id="46" x="167" y="188" width="14" height="14" xoffset="-3" yoffset="13" xadvance="6" page="0" chnl="0" letter="."/>
        <char id="47" x="42" y="29" width="16" height="22" xoffset="-4" yoffset="5" xadvance="7" page="0" chnl="0" letter="/"/>
        <char id="48" x="176" y="53" width="18" height="21" xoffset="-3" yoffset="6" xadvance="10" page="0" chnl="0" letter="0"/>
        <char id="49" x="2" y="76" width="18" height="21" xoffset="-3" yoffset="6" xadvance="10" page="0" chnl="0" letter="1"/>
        <char id="50" x="22" y="76" width="18" height="21" xoffset="-3" yoffset="6" xadvance="10" page="0" chnl="0" letter="2"/>
        <char id="51" x="42" y="76" width="18" height="21" xoffset="-3" yoffset="6" xadvance="10" page="0" chnl="0" letter="3"/>
        <char id="52" x="62" y="76" width="18" height="21" xoffset="-3" yoffset="6" xadvance="10" page="0" chnl="0" letter="4"/>
        <char id="53" x="82" y="76" width="18" height="21" xoffset="-3" yoffset="6" xadvance="10" page="0" chnl="0" letter="5"/>
        <char id="54" x="102" y="76" width="18" height="21" xoffset="-3" yoffset="6" xadvance="10" page="0" chnl="0" letter="6"/>
        <char id="55" x="122" y="76" width="18" height="21" xoffset="-3" yoffset="6" xadvance="10" page="0" chnl="0" letter="7"/>
        <char id="56" x="142" y="76" width="18" height="21" xoffset="-3" yoffset="6" xadvance="10" page="0" chnl="0" letter="8"/>
        <char id="57" x="162" y="76" width="18" height="21" xoffset="-3" yoffset="6" xadvance="10" page="0" chnl="0" letter="9"/>
        <char id="58" x="118" y="145" width="14" height="20" xoffset="-3" yoffset="8" xadvance="6" page="0" chnl="0" letter=":"/>
        <char id="59" x="78" y="29" width="14" height="22" xoffset="-3" yoffset="8" xadvance="6" page="0" chnl="0" letter=";"/>
        <char id="60" x="42" y="145" width="17" height="21" xoffset="-3" yoffset="5" xadvance="9" page="0" chnl="0" letter="&lt;"/>
        <char id="61" x="58" y="188" width="17" height="16" xoffset="-3" yoffset="8" xadvance="9" page="0" chnl="0" letter="="/>
        <char id="62" x="61" y="145" width="17" height="21" xoffset="-3" yoffset="5" xadvance="9" page="0" chnl="0" letter="&gt;"/>
        <char id="63" x="136" y="2" width="18" height="24" xoffset="-3" yoffset="5" xadvance="10" page="0" chnl="0" letter="?"/>
        <char id="64" x="171" y="29" width="20" height="21" xoffset="-4" yoffset="8" xadvance="11" page="0" chnl="0" letter="@"/>
        <char id="65" x="193" y="29" width="20" height="21" xoffset="-4" yoffset="6" xadvance="11" page="0" chnl="0" letter="A"/>
        <char id="66" x="182" y="76" width="18" height="21" xoffset="-3" yoffset="6" xadvance="10" page="0" chnl="0" letter="B"/>
        <char id="67" x="2" y="99" width="18" height="21" xoffset="-3" yoffset="6" xadvance="10" page="0" chnl="0" letter="C"/>
        <char id="68" x="22" y="99" width="18" height="21" xoffset="-3" yoffset="6" xadvance="10" page="0" chnl="0" letter="D"/>
        <char id="69" x="42" y="99" width="18" height="21" xoffset="-3" yoffset="6" xadvance="10" page="0" chnl="0" letter="E"/>
        <char id="70" x="62" y="99" width="18" height="21" xoffset="-3" yoffset="6" xadvance="10" page="0" chnl="0" letter="F"/>
        <char id="71" x="82" y="99" width="18" height="21" xoffset="-3" yoffset="6" xadvance="10" page="0" chnl="0" letter="G"/>
        <char id="72" x="102" y="99" width="18" height="21" xoffset="-3" yoffset="6" xadvance="10" page="0" chnl="0" letter="H"/>
        <char id="73" x="122" y="99" width="18" height="21" xoffset="-3" yoffset="6" xadvance="10" page="0" chnl="0" letter="I"/>
        <char id="74" x="142" y="99" width="18" height="21" xoffset="-3" yoffset="6" xadvance="10" page="0" chnl="0" letter="J"/>
        <char id="75" x="155" y="53" width="19" height="21" xoffset="-3" yoffset="6" xadvance="11" page="0" chnl="0" letter="K"/>
        <char id="76" x="162" y="99" width="18" height="21" xoffset="-3" yoffset="6" xadvance="10" page="0" chnl="0" letter="L"/>
        <char id="77" x="2" y="53" width="20" height="21" xoffset="-4" yoffset="6" xadvance="11" page="0" chnl="0" letter="M"/>
        <char id="78" x="182" y="99" width="18" height="21" xoffset="-3" yoffset="6" xadvance="10" page="0" chnl="0" letter="N"/>
        <char id="79" x="24" y="53" width="20" height="21" xoffset="-4" yoffset="6" xadvance="11" page="0" chnl="0" letter="O"/>
        <char id="80" x="2" y="122" width="18" height="21" xoffset="-3" yoffset="6" xadvance="10" page="0" chnl="0" letter="P"/>
        <char id="81" x="156" y="2" width="20" height="23" xoffset="-4" yoffset="6" xadvance="11" page="0" chnl="0" letter="Q"/>
        <char id="82" x="22" y="122" width="18" height="21" xoffset="-3" yoffset="6" xadvance="10" page="0" chnl="0" letter="R"/>
        <char id="83" x="42" y="122" width="18" height="21" xoffset="-3" yoffset="6" xadvance="10" page="0" chnl="0" letter="S"/>
        <char id="84" x="62" y="122" width="18" height="21" xoffset="-3" yoffset="6" xadvance="10" page="0" chnl="0" letter="T"/>
        <char id="85" x="82" y="122" width="18" height="21" xoffset="-3" yoffset="6" xadvance="10" page="0" chnl="0" letter="U"/>
        <char id="86" x="46" y="53" width="20" height="21" xoffset="-4" yoffset="6" xadvance="11" page="0" chnl="0" letter="V"/>
        <char id="87" x="68" y="53" width="20" height="21" xoffset="-4" yoffset="6" xadvance="11" page="0" chnl="0" letter="W"/>
        <char id="88" x="90" y="53" width="20" height="21" xoffset="-4" yoffset="6" xadvance="11" page="0" chnl="0" letter="X"/>
        <char id="89" x="112" y="53" width="20" height="21" xoffset="-4" yoffset="6" xadvance="11" page="0" chnl="0" letter="Y"/>
        <char id="90" x="102" y="122" width="18" height="21" xoffset="-3" yoffset="6" xadvance="10" page="0" chnl="0" letter="Z"/>
        <char id="91" x="90" y="2" width="14" height="25" xoffset="-3" yoffset="5" xadvance="6" page="0" chnl="0" letter="["/>
        <char id="92" x="60" y="29" width="16" height="22" xoffset="-4" yoffset="5" xadvance="7" page="0" chnl="0" letter="\"/>
        <char id="93" x="106" y="2" width="14" height="25" xoffset="-3" yoffset="5" xadvance="6" page="0" chnl="0" letter="]"/>
        <char id="94" x="154" y="145" width="20" height="18" xoffset="-4" yoffset="5" xadvance="11" page="0" chnl="0" letter="^"/>
        <char id="95" x="183" y="188" width="18" height="12" xoffset="-3" yoffset="18" xadvance="10" page="0" chnl="0" letter="_"/>
        <char id="96" x="150" y="188" width="15" height="14" xoffset="-4" yoffset="5" xadvance="6" page="0" chnl="0" letter="`"/>
        <char id="97" x="24" y="168" width="19" height="18" xoffset="-4" yoffset="9" xadvance="10" page="0" chnl="0" letter="a"/>
        <char id="98" x="122" y="122" width="18" height="21" xoffset="-3" yoffset="6" xadvance="10" page="0" chnl="0" letter="b"/>
        <char id="99" x="2" y="188" width="17" height="18" xoffset="-3" yoffset="9" xadvance="9" page="0" chnl="0" letter="c"/>
        <char id="100" x="142" y="122" width="18" height="21" xoffset="-3" yoffset="6" xadvance="10" page="0" chnl="0" letter="d"/>
        <char id="101" x="21" y="188" width="17" height="18" xoffset="-3" yoffset="9" xadvance="9" page="0" chnl="0" letter="e"/>
        <char id="102" x="162" y="122" width="18" height="21" xoffset="-3" yoffset="6" xadvance="10" page="0" chnl="0" letter="f"/>
        <char id="103" x="2" y="29" width="18" height="22" xoffset="-3" yoffset="9" xadvance="10" page="0" chnl="0" letter="g"/>
        <char id="104" x="182" y="122" width="18" height="21" xoffset="-3" yoffset="6" xadvance="10" page="0" chnl="0" letter="h"/>
        <char id="105" x="94" y="29" width="14" height="22" xoffset="-1" yoffset="5" xadvance="8" page="0" chnl="0" letter="i"/>
        <char id="106" x="2" y="2" width="16" height="25" xoffset="-2" yoffset="5" xadvance="9" page="0" chnl="0" letter="j"/>
        <char id="107" x="80" y="145" width="17" height="21" xoffset="-2" yoffset="6" xadvance="10" page="0" chnl="0" letter="k"/>
        <char id="108" x="110" y="29" width="14" height="22" xoffset="-1" yoffset="5" xadvance="8" page="0" chnl="0" letter="l"/>
        <char id="109" x="176" y="145" width="20" height="18" xoffset="-4" yoffset="9" xadvance="11" page="0" chnl="0" letter="m"/>
        <char id="110" x="65" y="168" width="18" height="18" xoffset="-3" yoffset="9" xadvance="10" page="0" chnl="0" letter="n"/>
        <char id="111" x="85" y="168" width="18" height="18" xoffset="-3" yoffset="9" xadvance="10" page="0" chnl="0" letter="o"/>
        <char id="112" x="2" y="145" width="18" height="21" xoffset="-3" yoffset="9" xadvance="10" page="0" chnl="0" letter="p"/>
        <char id="113" x="22" y="145" width="18" height="21" xoffset="-3" yoffset="9" xadvance="10" page="0" chnl="0" letter="q"/>
        <char id="114" x="105" y="168" width="18" height="18" xoffset="-3" yoffset="9" xadvance="10" page="0" chnl="0" letter="r"/>
        <char id="115" x="40" y="188" width="16" height="18" xoffset="-2" yoffset="9" xadvance="9" page="0" chnl="0" letter="s"/>
        <char id="116" x="99" y="145" width="17" height="21" xoffset="-3" yoffset="6" xadvance="9" page="0" chnl="0" letter="t"/>
        <char id="117" x="125" y="168" width="18" height="18" xoffset="-3" yoffset="9" xadvance="10" page="0" chnl="0" letter="u"/>
        <char id="118" x="145" y="168" width="18" height="18" xoffset="-3" yoffset="9" xadvance="10" page="0" chnl="0" letter="v"/>
        <char id="119" x="2" y="168" width="20" height="18" xoffset="-4" yoffset="9" xadvance="11" page="0" chnl="0" letter="w"/>
        <char id="120" x="165" y="168" width="18" height="18" xoffset="-3" yoffset="9" xadvance="10" page="0" chnl="0" letter="x"/>
        <char id="121" x="22" y="29" width="18" height="22" xoffset="-3" yoffset="9" xadvance="10" page="0" chnl="0" letter="y"/>
        <char id="122" x="185" y="168" width="18" height="18" xoffset="-3" yoffset="9" xadvance="10" page="0" chnl="0" letter="z"/>
        <char id="123" x="20" y="2" width="16" height="25" xoffset="-4" yoffset="5" xadvance="7" page="0" chnl="0" letter="{"/>
        <char id="124" x="122" y="2" width="12" height="25" xoffset="-3" yoffset="5" xadvance="4" page="0" chnl="0" letter="|"/>
        <char id="125" x="38" y="2" width="16" height="25" xoffset="-4" yoffset="5" xadvance="7" page="0" chnl="0" letter="}"/>
        <char id="126" x="128" y="188" width="20" height="14" xoffset="-4" yoffset="10" xadvance="11" page="0" chnl="0" letter="~"/>
    </chars>
    <kernings count="0"/>
</font>